City_ID,City,Lat,Lng,Max Temp,Humidity,Cloudiness,Wind Speed,Country,Date
0,Busselton,-33.65,115.33,61.0,57,9,9.06,AU,2020-10-18 22:52:12
1,Rikitea,-23.12,-134.97,74.88,80,100,17.2,PF,2020-10-18 22:52:12
2,Caravelas,-17.71,-39.25,72.95,80,72,8.81,BR,2020-10-18 22:47:51
3,Turangi,-39.0,175.93,53.33,93,100,7.25,NZ,2020-10-18 22:52:12
4,Qaanaaq,77.48,-69.36,30.13,89,95,6.24,GL,2020-10-18 22:51:11
5,Kapaa,22.08,-159.32,84.0,69,90,14.99,US,2020-10-18 22:52:12
6,Vaini,-21.2,-175.2,73.4,78,75,12.75,TO,2020-10-18 22:50:55
7,Sahuaripa,29.05,-109.23,96.42,15,0,4.63,MX,2020-10-18 22:52:13
8,Puerto Ayora,-0.74,-90.35,70.0,94,83,7.0,EC,2020-10-18 22:52:13
9,Vagur,61.47,-6.81,41.0,89,100,9.06,FO,2020-10-18 22:52:13
10,Kalmunai,7.42,81.82,77.67,84,92,4.79,LK,2020-10-18 22:52:13
11,Punta Arenas,-53.15,-70.92,42.8,56,40,19.46,CL,2020-10-18 22:50:44
12,Itarema,-2.92,-39.92,79.3,78,76,14.52,BR,2020-10-18 22:52:14
13,Albany,42.6,-73.97,57.0,55,97,7.25,US,2020-10-18 22:47:38
14,Isangel,-19.55,169.27,80.6,78,75,5.82,VU,2020-10-18 22:52:14
15,Niono,14.25,-5.99,86.95,21,13,7.16,ML,2020-10-18 22:52:14
16,Takoradi,4.88,-1.76,77.38,89,38,7.52,GH,2020-10-18 22:52:15
17,Koumac,-20.57,164.28,77.25,56,8,2.59,NC,2020-10-18 22:52:15
18,Cape Town,-33.93,18.42,61.0,82,81,8.05,ZA,2020-10-18 22:51:01
19,Tuktoyaktuk,69.45,-133.04,15.8,92,20,2.24,CA,2020-10-18 22:52:15
20,Ponta Do Sol,32.67,-17.1,71.6,94,75,31.09,PT,2020-10-18 22:51:26
21,Lazaro Cardenas,17.96,-102.2,83.73,79,89,4.72,MX,2020-10-18 22:52:16
22,Mar Del Plata,-38.0,-57.56,66.2,88,75,3.36,AR,2020-10-18 22:52:16
23,Varnavino,57.4,45.09,40.01,88,97,10.65,RU,2020-10-18 22:52:16
24,Srednekolymsk,67.45,153.68,23.99,97,84,2.57,RU,2020-10-18 22:52:16
25,Halifax,44.65,-63.57,51.01,91,32,6.08,CA,2020-10-18 22:49:41
26,Saskylakh,71.92,114.08,19.22,97,95,6.91,RU,2020-10-18 22:52:14
27,Lebu,-37.62,-73.65,52.2,74,0,5.26,CL,2020-10-18 22:52:17
28,Atuona,-9.8,-139.03,78.12,75,3,18.41,PF,2020-10-18 22:52:17
29,Yumen,40.28,97.2,41.54,51,100,14.5,CN,2020-10-18 22:52:17
30,Port Alfred,-33.59,26.89,60.53,82,52,5.44,ZA,2020-10-18 22:52:18
31,Castro,-24.79,-50.01,59.61,94,72,8.39,BR,2020-10-18 22:52:17
32,Arraial Do Cabo,-22.97,-42.03,71.55,81,86,22.95,BR,2020-10-18 22:52:18
33,Hermanus,-34.42,19.23,59.0,87,100,7.56,ZA,2020-10-18 22:48:19
34,Bethel,41.37,-73.41,55.4,62,1,5.82,US,2020-10-18 22:52:19
35,Qandala,11.47,49.87,82.06,40,0,1.01,SO,2020-10-18 22:52:19
36,Tasiilaq,65.61,-37.64,33.8,80,74,9.17,GL,2020-10-18 22:50:42
37,Pallisa,1.15,33.71,65.62,92,94,4.72,UG,2020-10-18 22:52:19
38,Hilo,19.73,-155.09,78.8,83,90,5.82,US,2020-10-18 22:50:45
39,Vardo,70.37,31.11,30.2,92,75,10.29,NO,2020-10-18 22:52:20
40,Kodiak,57.79,-152.41,48.2,61,90,8.05,US,2020-10-18 22:51:39
41,Butaritari,3.07,172.79,82.42,71,86,16.75,KI,2020-10-18 22:52:20
42,Lagoa,39.05,-27.98,63.57,72,73,21.83,PT,2020-10-18 22:52:20
43,Muyinga,-2.83,30.33,64.65,75,71,3.06,BI,2020-10-18 22:52:20
44,Walvis Bay,-22.96,14.51,59.0,82,0,10.29,NA,2020-10-18 22:52:21
45,Camacha,33.08,-16.33,71.6,88,40,23.04,PT,2020-10-18 22:51:50
46,Ilulissat,69.22,-51.1,46.4,52,100,11.41,GL,2020-10-18 22:48:55
47,Qasigiannguit,68.82,-51.19,46.4,52,100,11.41,GL,2020-10-18 22:52:22
48,Esperance,-33.87,121.9,53.6,93,40,10.29,AU,2020-10-18 22:52:22
49,Katsuura,35.13,140.3,57.2,76,75,13.87,JP,2020-10-18 22:51:09
50,Guerrero Negro,27.98,-114.06,79.84,53,97,13.29,MX,2020-10-18 22:52:22
51,San Policarpo,12.18,125.51,79.95,85,100,8.25,PH,2020-10-18 22:51:09
52,Ekhabi,53.51,142.97,33.35,92,79,16.49,RU,2020-10-18 22:52:23
53,Tarakan,3.3,117.63,80.11,83,100,9.57,ID,2020-10-18 22:52:23
54,Juegang,32.32,121.19,59.88,62,69,4.21,CN,2020-10-18 22:52:23
55,Bitlis,38.5,42.25,44.47,57,0,3.49,TR,2020-10-18 22:52:23
56,Victoria,22.29,114.16,73.0,76,18,10.11,HK,2020-10-18 22:50:06
57,Aklavik,68.22,-135.01,17.6,67,5,2.91,CA,2020-10-18 22:52:24
58,New Norfolk,-42.78,147.06,55.99,69,75,3.0,AU,2020-10-18 22:52:24
59,Serov,59.6,60.58,32.63,97,100,9.17,RU,2020-10-18 22:52:24
60,Cockburn Town,21.46,-71.14,82.56,76,96,14.81,TC,2020-10-18 22:52:25
61,Thompson,55.74,-97.86,30.2,80,75,4.7,CA,2020-10-18 22:50:54
62,Saint-Joseph,-21.37,55.62,69.8,60,20,5.82,RE,2020-10-18 22:52:27
63,Saldanha,-33.01,17.94,55.4,82,90,3.36,ZA,2020-10-18 22:52:27
64,Avarua,-21.21,-159.78,80.6,74,73,8.05,CK,2020-10-18 22:52:18
65,Conceicao Do Araguaia,-8.26,-49.26,89.51,34,62,4.03,BR,2020-10-18 22:52:27
66,Trinidad,-14.83,-64.9,93.2,49,66,4.7,BO,2020-10-18 22:49:17
67,Sorland,67.67,12.69,43.77,62,16,19.01,NO,2020-10-18 22:50:11
68,Terney,45.05,136.61,42.12,64,80,6.17,RU,2020-10-18 22:52:28
69,Rathdrum,47.81,-116.89,50.0,93,90,8.05,US,2020-10-18 22:52:28
70,Ushuaia,-54.8,-68.3,39.2,86,40,0.54,AR,2020-10-18 22:51:19
71,Plouzane,48.38,-4.62,50.0,87,100,8.05,FR,2020-10-18 22:52:28
72,Pevek,69.7,170.31,25.43,93,96,16.82,RU,2020-10-18 22:52:28
73,Gritsovskiy,54.14,38.16,39.2,75,100,14.36,RU,2020-10-18 22:52:29
74,Flin Flon,54.77,-101.86,30.2,80,90,11.41,CA,2020-10-18 22:52:29
75,Tazovskiy,67.47,78.7,22.41,95,89,15.97,RU,2020-10-18 22:52:29
76,Iqaluit,63.75,-68.51,32.0,98,90,20.8,CA,2020-10-18 22:52:29
77,Manokwari,-0.87,134.08,80.58,75,100,4.09,ID,2020-10-18 22:52:29
78,Malumfashi,11.79,7.62,76.37,40,0,6.44,NG,2020-10-18 22:52:30
79,Cartagena Del Chaira,1.33,-74.84,79.0,79,86,2.26,CO,2020-10-18 22:52:30
80,Cap-Aux-Meules,47.38,-61.86,44.6,75,20,8.05,CA,2020-10-18 22:52:30
81,Yellowknife,62.46,-114.35,28.0,86,90,8.05,CA,2020-10-18 22:50:44
82,Abu Samrah,35.3,37.18,61.34,60,49,4.59,SY,2020-10-18 22:52:31
83,Juneau,58.3,-134.42,41.0,55,90,5.82,US,2020-10-18 22:49:12
84,Jamestown,42.1,-79.24,51.01,87,90,8.05,US,2020-10-18 22:52:31
85,Faanui,-16.48,-151.75,79.63,77,63,7.16,PF,2020-10-18 22:49:36
86,Salym,60.06,71.48,27.7,98,98,7.43,RU,2020-10-18 22:52:32
87,Saint-Philippe,-21.36,55.77,69.8,60,20,5.82,RE,2020-10-18 22:52:32
88,Bengkulu,-3.8,102.27,75.18,90,100,3.89,ID,2020-10-18 22:49:08
89,Caraballeda,10.61,-66.85,87.8,74,20,3.36,VE,2020-10-18 22:52:33
90,Slave Lake,55.28,-114.77,23.0,62,90,4.7,CA,2020-10-18 22:52:33
91,Port Victoria,0.09,33.98,69.78,82,94,8.21,KE,2020-10-18 22:52:33
92,Trat,12.5,102.5,74.37,95,100,1.25,TH,2020-10-18 22:51:00
93,Sao Filipe,14.9,-24.5,80.58,80,53,7.83,CV,2020-10-18 22:52:34
94,Kovdor,67.57,30.48,30.49,97,100,11.59,RU,2020-10-18 22:52:34
95,Nanortalik,60.14,-45.24,39.38,93,97,10.22,GL,2020-10-18 22:52:34
96,Araouane,18.9,-3.53,90.12,17,0,10.11,ML,2020-10-18 22:52:34
97,Sur,22.57,59.53,81.93,49,11,17.76,OM,2020-10-18 22:52:34
98,Tateyama,34.98,139.87,57.2,76,75,13.87,JP,2020-10-18 22:52:35
99,Aden,12.78,45.04,83.68,62,0,6.78,YE,2020-10-18 22:49:44
100,Pathein,16.78,94.73,73.74,95,97,7.38,MM,2020-10-18 22:52:35
101,Orvault,47.27,-1.62,48.2,81,97,6.93,FR,2020-10-18 22:51:21
102,Kalmar,56.66,16.36,42.01,69,3,11.41,SE,2020-10-18 22:52:35
103,Donskoye,45.46,41.97,59.0,72,40,8.95,RU,2020-10-18 22:52:36
104,Chokurdakh,70.63,147.92,19.18,98,93,6.15,RU,2020-10-18 22:52:36
105,Buraydah,26.33,43.98,66.2,25,0,5.53,SA,2020-10-18 22:52:36
106,Fortuna,40.6,-124.16,66.99,72,1,10.29,US,2020-10-18 22:52:36
107,Bredasdorp,-34.53,20.04,57.2,87,100,2.24,ZA,2020-10-18 22:50:51
108,Beatrice,40.27,-96.75,42.8,38,1,9.17,US,2020-10-18 22:52:37
109,Port Elizabeth,-33.92,25.57,57.2,87,75,1.12,ZA,2020-10-18 22:50:48
110,Bathsheba,13.22,-59.52,80.6,83,40,3.36,BB,2020-10-18 22:52:37
111,Ancud,-41.87,-73.82,51.01,70,75,12.75,CL,2020-10-18 22:52:37
112,Luderitz,-26.65,15.16,63.05,54,0,17.96,NA,2020-10-18 22:52:37
113,Atar,20.52,-13.05,89.29,25,0,9.46,MR,2020-10-18 22:52:38
114,Bluff,-46.6,168.33,48.99,94,100,5.01,NZ,2020-10-18 22:50:43
115,Peleduy,59.63,112.74,33.26,94,100,3.36,RU,2020-10-18 22:52:39
116,Khatanga,71.97,102.5,7.18,85,26,8.19,RU,2020-10-18 22:52:39
117,Cidreira,-30.18,-50.21,68.18,84,42,23.02,BR,2020-10-18 22:49:36
118,Maceio,-9.67,-35.74,75.2,83,77,5.82,BR,2020-10-18 22:52:26
119,Portland,45.52,-122.68,68.0,68,75,14.99,US,2020-10-18 22:49:01
120,Margate,51.38,1.39,51.01,66,68,6.71,GB,2020-10-18 22:52:39
121,Tiarei,-17.53,-149.33,84.0,69,40,10.29,PF,2020-10-18 22:52:40
122,Yanam,16.73,82.22,77.14,89,42,3.87,IN,2020-10-18 22:52:40
123,Kampot,10.62,104.18,75.2,94,40,1.12,KH,2020-10-18 22:52:40
124,Bambous Virieux,-20.34,57.76,73.4,78,20,8.05,MU,2020-10-18 22:52:40
125,Avera,33.19,-82.53,68.0,72,1,5.82,US,2020-10-18 22:51:51
126,Viedma,-40.81,-63.0,66.0,38,0,1.01,AR,2020-10-18 22:52:41
127,Yar-Sale,66.83,70.83,18.59,96,23,6.71,RU,2020-10-18 22:52:41
128,Shitanjing,39.23,106.34,41.43,56,0,3.65,CN,2020-10-18 22:52:41
129,Nyurba,63.28,118.33,13.33,95,0,4.16,RU,2020-10-18 22:52:41
130,Laguna,38.42,-121.42,91.99,17,1,4.7,US,2020-10-18 22:52:41
131,Winslow,35.02,-110.7,87.8,6,1,5.82,US,2020-10-18 22:48:49
132,Saint-Francois,46.42,3.91,39.0,100,33,2.24,FR,2020-10-18 22:52:42
133,Ribeira Grande,38.52,-28.7,64.02,73,63,20.74,PT,2020-10-18 22:52:42
134,Carnarvon,-24.87,113.63,68.0,94,90,6.93,AU,2020-10-18 22:50:42
135,Llangefni,53.26,-4.31,55.0,87,70,19.46,GB,2020-10-18 22:52:42
136,Waitara,-38.92,174.25,60.01,96,94,11.99,NZ,2020-10-18 22:52:43
137,Banda Aceh,5.56,95.32,80.87,69,100,10.22,ID,2020-10-18 22:52:43
138,Hobart,-42.88,147.33,55.99,57,40,9.17,AU,2020-10-18 22:52:06
139,Beruwala,6.48,79.98,79.07,86,100,8.37,LK,2020-10-18 22:52:43
140,Suntar,62.14,117.63,16.43,96,0,5.53,RU,2020-10-18 22:52:43
141,Constitucion,-35.33,-72.42,52.81,69,0,12.62,CL,2020-10-18 22:51:52
142,Denpasar,-8.65,115.22,78.8,88,75,2.24,ID,2020-10-18 22:52:44
143,Urumqi,43.8,87.6,50.0,37,33,4.47,CN,2020-10-18 22:52:44
144,Mataura,-46.19,168.86,48.99,94,100,5.01,NZ,2020-10-18 22:52:39
145,Tucuma,-0.18,-50.05,80.19,79,77,10.02,BR,2020-10-18 22:52:45
146,Vila Franca Do Campo,37.72,-25.43,59.0,67,20,9.17,PT,2020-10-18 22:52:45
147,Naze,28.37,129.48,75.2,88,75,19.46,JP,2020-10-18 22:52:45
148,Kabompo,-13.59,24.2,65.07,29,0,4.29,ZM,2020-10-18 22:52:45
149,Shimoda,34.67,138.95,55.99,70,83,12.46,JP,2020-10-18 22:52:45
150,Port Lincoln,-34.73,135.87,57.18,66,18,9.4,AU,2020-10-18 22:52:45
151,Namibe,-15.2,12.15,69.6,74,13,5.26,AO,2020-10-18 22:49:03
152,Quatre Cocos,-20.21,57.76,73.4,78,20,8.05,MU,2020-10-18 22:51:03
153,Yenagoa,4.92,6.26,75.78,94,12,3.49,NG,2020-10-18 22:52:46
154,Saint George,37.1,-113.58,89.01,8,1,13.87,US,2020-10-18 22:52:46
155,Vao,-22.67,167.48,71.29,80,11,15.66,NC,2020-10-18 22:52:47
156,Altamira,-3.2,-52.21,84.88,51,70,2.98,BR,2020-10-18 22:50:45
157,Atasu,48.68,71.64,35.29,75,0,7.56,KZ,2020-10-18 22:52:04
158,Xanxere,-26.88,-52.4,65.91,57,2,2.46,BR,2020-10-18 22:52:47
159,Vieux-Habitants,16.06,-61.77,77.0,88,48,2.24,GP,2020-10-18 22:52:47
160,Ajdabiya,30.76,20.23,72.52,74,100,6.22,LY,2020-10-18 22:52:48
161,Kaltasy,55.97,54.8,46.92,82,100,11.61,RU,2020-10-18 22:52:48
162,Matara,5.95,80.54,77.86,87,93,10.4,LK,2020-10-18 22:52:48
163,Chuy,-33.7,-53.46,65.61,78,0,7.25,UY,2020-10-18 22:50:51
164,Alugan,12.22,125.48,79.61,86,100,7.7,PH,2020-10-18 22:52:48
165,Petukhovo,55.07,67.9,35.11,80,67,12.41,RU,2020-10-18 22:52:49
166,Sao Jose Da Coroa Grande,-8.9,-35.15,75.22,77,82,8.3,BR,2020-10-18 22:52:49
167,Rio Grande,-32.03,-52.1,69.01,89,0,4.0,BR,2020-10-18 22:51:19
168,Torbay,47.67,-52.73,54.0,100,90,4.7,CA,2020-10-18 22:52:49
169,Canakkale,40.08,26.83,60.8,82,99,12.75,TR,2020-10-18 22:52:49
170,Medicine Hat,50.05,-110.67,26.01,58,90,6.93,CA,2020-10-18 22:52:50
171,Bentiu,9.23,29.83,71.82,92,90,4.5,SS,2020-10-18 22:52:50
172,Tual,-5.67,132.75,80.58,80,61,12.82,ID,2020-10-18 22:52:50
173,Tura,25.52,90.22,72.09,92,0,1.95,IN,2020-10-18 22:52:50
174,Lundazi,-12.29,33.18,67.5,59,1,6.71,ZM,2020-10-18 22:52:50
175,Wewak,-3.55,143.63,80.62,85,99,5.48,PG,2020-10-18 22:52:51
176,Turochak,52.26,87.12,31.59,94,98,6.17,RU,2020-10-18 22:52:51
177,Alofi,-19.06,-169.92,75.34,86,98,14.58,NU,2020-10-18 22:49:22
178,Los Llanos De Aridane,28.66,-17.92,75.2,73,10,16.11,ES,2020-10-18 22:52:51
179,Batemans Bay,-35.72,150.18,59.0,62,81,1.99,AU,2020-10-18 22:52:51
180,Cuiluan,47.72,128.65,33.96,83,18,5.21,CN,2020-10-18 22:52:52
181,Praya,14.92,-23.51,78.8,94,40,4.7,CV,2020-10-18 22:50:45
182,Hasaki,35.73,140.83,51.8,100,75,6.93,JP,2020-10-18 22:52:52
183,Laurentides,46.43,-74.98,46.53,67,100,8.1,CA,2020-10-18 22:52:52
184,Belyy Yar,53.6,91.39,33.8,50,88,8.95,RU,2020-10-18 22:52:52
185,Pangnirtung,66.15,-65.71,34.14,86,100,15.88,CA,2020-10-18 22:52:52
186,Macomb,40.46,-90.67,42.01,81,90,8.05,US,2020-10-18 22:52:53
187,Asau,46.43,26.4,48.2,93,48,5.82,RO,2020-10-18 22:52:53
188,Yebaishou,41.4,119.64,45.05,57,0,3.02,CN,2020-10-18 22:52:53
189,Kloulklubed,7.04,134.26,82.4,78,90,13.87,PW,2020-10-18 22:52:53
190,Severo-Kurilsk,50.68,156.12,49.59,78,10,11.77,RU,2020-10-18 22:50:42
191,Lasa,46.62,10.7,39.99,72,5,3.36,IT,2020-10-18 22:51:21
192,Upernavik,72.79,-56.15,30.24,89,20,9.86,GL,2020-10-18 22:52:54
193,Longyearbyen,78.22,15.64,26.6,73,20,9.17,SJ,2020-10-18 22:52:54
194,Tucuman,-26.82,-65.22,100.4,29,0,25.28,AR,2020-10-18 22:50:13
195,Constantine,36.37,6.61,50.0,71,19,4.7,DZ,2020-10-18 22:52:55
196,Tsarychanka,48.94,34.48,45.54,75,3,2.62,UA,2020-10-18 22:52:55
197,Lata,40.16,-8.33,63.0,83,78,5.08,PT,2020-10-18 22:51:58
198,Lavrentiya,65.58,-171.0,36.39,85,35,3.49,RU,2020-10-18 22:51:08
199,Bubaque,11.28,-15.83,82.42,86,0,10.71,GW,2020-10-18 22:52:19
200,Raga,8.46,25.68,71.19,88,30,4.83,SS,2020-10-18 22:52:56
201,Mount Gambier,-37.83,140.77,53.6,81,90,6.93,AU,2020-10-18 22:52:56
202,Paamiut,61.99,-49.67,43.2,81,53,37.85,GL,2020-10-18 22:51:49
203,Nikolskoye,59.7,30.79,35.6,93,90,6.71,RU,2020-10-18 22:52:56
204,Hithadhoo,-0.6,73.08,83.34,75,100,17.54,MV,2020-10-18 22:51:03
205,Souillac,-20.52,57.52,73.4,78,20,8.05,MU,2020-10-18 22:52:56
206,Oktyabrskoye,43.06,44.74,44.6,81,4,4.47,RU,2020-10-18 22:52:57
207,Ixtapa,20.7,-105.2,89.6,70,75,9.17,MX,2020-10-18 22:52:57
208,Cayenne,4.93,-52.33,82.4,78,15,3.36,GF,2020-10-18 22:52:01
209,Tumarbong,10.38,119.46,80.64,85,100,6.6,PH,2020-10-18 22:52:57
210,Karatau,43.17,70.47,42.6,57,0,3.24,KZ,2020-10-18 22:52:57
211,Komnina,40.6,21.78,55.0,50,22,11.41,GR,2020-10-18 22:52:58
212,Sigli,5.38,95.96,79.79,69,98,5.53,ID,2020-10-18 22:52:58
213,Pangai,-19.8,-174.35,77.0,73,75,6.93,TO,2020-10-18 22:51:22
214,Puerto Ayacucho,5.66,-67.62,79.3,81,70,3.65,VE,2020-10-18 22:52:58
215,Manaus,-3.1,-60.02,82.4,78,44,2.24,BR,2020-10-18 22:52:58
216,Nanpara,27.87,81.5,69.01,55,0,2.93,IN,2020-10-18 22:52:59
217,Ahuimanu,21.44,-157.84,87.8,58,75,3.36,US,2020-10-18 22:52:59
218,Gao,16.64,1.64,91.22,14,3,6.78,ML,2020-10-18 22:52:59
219,San Quintin,30.48,-115.95,79.7,45,92,18.63,MX,2020-10-18 22:52:59
220,Bayan,46.08,127.4,42.01,45,0,7.29,CN,2020-10-18 22:53:00
221,Talnakh,69.49,88.4,15.8,92,90,6.71,RU,2020-10-18 22:53:00
222,Ukiah,39.15,-123.21,93.2,14,1,10.29,US,2020-10-18 22:52:34
223,Hobyo,5.35,48.53,79.21,81,35,19.35,SO,2020-10-18 22:51:38
224,Manakara,-22.13,48.02,70.84,84,99,6.89,MG,2020-10-18 22:53:01
225,Buala,-8.14,159.59,85.73,69,42,5.88,SB,2020-10-18 22:53:01
226,Grand Gaube,-20.01,57.66,73.0,74,0,5.99,MU,2020-10-18 22:53:01
227,Airai,-8.93,125.41,69.15,49,40,2.35,TL,2020-10-18 22:50:46
228,Bilma,18.69,12.92,80.94,16,0,4.92,NE,2020-10-18 22:53:01
229,Barrow,71.29,-156.79,21.2,85,75,12.75,US,2020-10-18 22:52:51
230,Berlevag,70.86,29.09,28.4,92,40,2.24,NO,2020-10-18 22:51:29
231,Iztapa,13.93,-90.71,87.8,66,40,11.41,GT,2020-10-18 22:53:02
232,Lompoc,34.64,-120.46,69.8,72,1,13.87,US,2020-10-18 22:52:44
233,Salalah,17.02,54.09,75.2,38,0,3.36,OM,2020-10-18 22:50:57
234,Nome,64.5,-165.41,39.2,93,90,12.75,US,2020-10-18 22:51:02
235,Breves,-1.68,-50.48,74.73,93,91,3.58,BR,2020-10-18 22:53:03
236,Vuktyl,63.86,57.31,28.69,97,100,5.17,RU,2020-10-18 22:53:03
237,Jhanjharpur,26.27,86.28,73.38,68,1,1.57,IN,2020-10-18 22:53:03
238,Kisangani,0.52,25.2,71.02,96,94,1.59,CD,2020-10-18 22:53:03
239,Rocha,-34.48,-54.33,70.39,90,4,5.88,UY,2020-10-18 22:53:03
240,Krasnoselkup,65.7,82.47,15.28,96,98,12.88,RU,2020-10-18 22:53:04
241,Norman Wells,65.28,-126.83,21.2,67,5,8.05,CA,2020-10-18 22:53:04
242,Dikson,73.51,80.55,28.49,93,98,30.04,RU,2020-10-18 22:53:04
243,Fairbanks,64.84,-147.72,21.2,57,90,4.7,US,2020-10-18 22:50:55
244,Kabinda,-6.13,24.48,70.34,77,54,2.75,CD,2020-10-18 22:53:04
245,Asfi,32.3,-9.24,65.19,73,95,5.7,MA,2020-10-18 22:53:05
246,Roald,62.58,6.13,37.4,93,99,8.05,NO,2020-10-18 22:53:05
247,Russell,32.35,-85.2,78.8,47,1,4.7,US,2020-10-18 22:53:05
248,Touros,-5.2,-35.46,77.0,83,20,6.93,BR,2020-10-18 22:53:05
249,Boyolangu,-8.12,111.89,76.35,87,98,5.41,ID,2020-10-18 22:53:05
250,Khudumelapye,-23.88,24.75,79.14,21,1,2.77,BW,2020-10-18 22:53:05
251,Hami,42.8,93.45,43.7,51,38,4.05,CN,2020-10-18 22:53:06
252,Tulun,54.56,100.58,34.9,85,100,13.85,RU,2020-10-18 22:53:06
253,Areia Branca,-4.96,-37.14,80.47,71,64,23.51,BR,2020-10-18 22:53:06
254,Clyde River,70.47,-68.59,33.8,97,90,17.22,CA,2020-10-18 22:53:06
255,Dzaoudzi,-12.79,45.27,77.0,78,20,4.7,YT,2020-10-18 22:53:06
256,Evensk,61.95,159.23,35.94,93,100,3.98,RU,2020-10-18 22:53:07
257,Komsomolskiy,40.43,71.72,50.0,61,0,6.93,UZ,2020-10-18 22:53:07
258,Port Moresby,-9.44,147.18,80.22,81,100,0.74,PG,2020-10-18 22:53:07
259,Anadyr,64.75,177.48,23.0,92,0,4.47,RU,2020-10-18 22:49:16
260,San Cristobal,7.77,-72.22,87.8,45,40,16.11,VE,2020-10-18 22:53:08
261,Aswan,24.09,32.91,81.9,21,0,8.32,EG,2020-10-18 22:53:08
262,Sangmelima,2.93,11.98,67.64,98,93,2.66,CM,2020-10-18 22:53:08
263,Manggar,-2.88,108.27,79.84,84,100,11.52,ID,2020-10-18 22:53:08
264,Mahebourg,-20.41,57.7,73.4,78,20,8.05,MU,2020-10-18 22:53:08
265,Viseu,40.66,-7.91,66.0,55,88,21.99,PT,2020-10-18 22:49:14
266,Vestmannaeyjar,63.44,-20.27,43.45,72,14,21.9,IS,2020-10-18 22:50:38
267,Bangkalan,-7.05,112.74,80.78,76,98,4.05,ID,2020-10-18 22:53:09
268,Ambon,-3.7,128.18,77.0,88,40,6.93,ID,2020-10-18 22:53:09
269,Sayyan,15.17,44.32,50.59,43,0,3.18,YE,2020-10-18 22:53:09
270,Cabo San Lucas,22.89,-109.91,88.0,74,40,6.93,MX,2020-10-18 22:53:10
271,Chirilagua,13.22,-88.14,81.12,76,90,3.91,SV,2020-10-18 22:53:10
272,Calama,-22.47,-68.93,73.4,7,2,23.04,CL,2020-10-18 22:53:10
273,Pisco,-13.7,-76.22,66.2,77,90,4.7,PE,2020-10-18 22:51:15
274,Borogontsy,62.67,131.17,13.42,96,94,5.46,RU,2020-10-18 22:53:11
275,Petropavlovsk-Kamchatskiy,53.05,158.65,41.0,100,75,6.71,RU,2020-10-18 22:53:11
276,San Jose De Gracia,20.67,-102.58,70.97,54,86,2.84,MX,2020-10-18 22:53:11
277,Udachnyy,66.42,112.4,10.4,92,90,4.47,RU,2020-10-18 22:53:12
278,Tiksi,71.69,128.87,16.47,95,99,14.92,RU,2020-10-18 22:53:12
279,Bonavista,48.65,-53.11,51.01,78,100,1.01,CA,2020-10-18 22:50:48
280,Porto Novo,6.5,2.6,78.33,87,0,5.23,BJ,2020-10-18 22:53:12
281,Yongan,39.7,113.69,40.77,58,0,1.83,CN,2020-10-18 22:53:12
282,Saint-Louis,16.33,-15.0,86.0,74,30,9.4,SN,2020-10-18 22:53:13
283,Fort Myers Beach,26.45,-81.95,87.8,55,20,16.11,US,2020-10-18 22:48:18
284,Georgetown,5.41,100.34,78.8,88,20,3.36,MY,2020-10-18 22:52:49
285,Provideniya,64.38,-173.3,35.6,80,40,6.71,RU,2020-10-18 22:53:13
286,Skotina,40.01,22.55,63.0,42,40,6.93,GR,2020-10-18 22:53:13
287,Huarmey,-10.07,-78.15,64.56,77,49,9.28,PE,2020-10-18 22:53:14
288,San Carlos,9.66,-68.58,75.38,92,44,2.71,VE,2020-10-18 22:53:14
289,Severnyy,50.68,36.55,41.0,75,75,4.47,RU,2020-10-18 22:53:14
290,Vilhena,-12.74,-60.15,72.01,88,95,2.15,BR,2020-10-18 22:53:14
291,Elat,29.56,34.95,78.8,65,0,6.93,IL,2020-10-18 22:53:14
292,Grindavik,63.84,-22.43,41.0,86,20,21.92,IS,2020-10-18 22:51:07
293,Pinerolo,44.88,7.35,54.0,99,77,1.19,IT,2020-10-18 22:53:15
294,Saint Albans,51.75,-0.33,51.01,93,97,3.36,GB,2020-10-18 22:53:15
295,Bilibino,68.05,166.44,17.96,95,92,2.15,RU,2020-10-18 22:53:15
296,Wasco,35.59,-119.34,96.01,19,0,5.82,US,2020-10-18 22:53:15
297,Vila Velha,-20.33,-40.29,71.6,83,90,8.05,BR,2020-10-18 22:51:09
298,Eyl,7.98,49.82,79.41,77,6,8.81,SO,2020-10-18 22:53:16
299,Kaitangata,-46.28,169.85,47.05,95,99,3.44,NZ,2020-10-18 22:53:16
300,Alyangula,-13.85,136.42,77.0,100,40,3.36,AU,2020-10-18 22:53:16
301,General Roca,-39.03,-67.58,77.0,17,6,10.29,AR,2020-10-18 22:53:16
302,Turukhansk,65.82,87.98,17.22,97,100,13.91,RU,2020-10-18 22:53:16
303,Aasiaat,68.71,-52.87,36.63,79,100,25.55,GL,2020-10-18 22:53:17
304,College,64.86,-147.8,21.2,57,90,4.7,US,2020-10-18 22:53:17
305,Korla,41.76,86.15,43.0,93,13,1.01,CN,2020-10-18 22:53:17
306,Teguldet,57.31,88.17,29.71,93,100,13.29,RU,2020-10-18 22:53:17
307,Morales,2.76,-76.62,63.19,90,98,2.26,CO,2020-10-18 22:53:17
308,Rayong,12.83,101.43,79.0,96,95,2.48,TH,2020-10-18 22:53:17
309,Guiratinga,-16.35,-53.76,77.7,63,77,9.31,BR,2020-10-18 22:51:49
310,Port Hardy,50.7,-127.42,50.0,100,90,6.93,CA,2020-10-18 22:53:18
311,Vallenar,-28.57,-70.76,68.0,37,0,3.36,CL,2020-10-18 22:53:18
312,Mehamn,71.04,27.85,36.7,77,76,9.33,NO,2020-10-18 22:53:18
313,Palimbang,6.21,124.19,81.41,76,95,4.63,PH,2020-10-18 22:53:18
314,Calabozo,8.92,-67.43,76.66,92,92,1.01,VE,2020-10-18 22:53:19
315,Kuching,1.55,110.33,73.4,100,40,3.36,MY,2020-10-18 22:53:19
316,Marienburg,54.04,19.03,37.99,100,60,9.28,PL,2020-10-18 22:53:19
317,Honiara,-9.43,159.95,80.6,88,75,4.7,SB,2020-10-18 22:48:30
318,Meulaboh,4.14,96.13,75.88,82,100,4.45,ID,2020-10-18 22:50:43
319,East London,-33.02,27.91,62.42,74,32,4.54,ZA,2020-10-18 22:53:20
320,San Pedro,14.35,121.02,77.0,94,40,3.36,PH,2020-10-18 22:49:51
321,Poum,-20.23,164.02,74.61,70,0,16.08,NC,2020-10-18 22:53:20
322,Tucumcari,35.17,-103.72,57.2,47,1,12.75,US,2020-10-18 22:50:23
323,Nazare,-13.04,-39.01,71.96,90,22,3.74,BR,2020-10-18 22:53:21
324,Coquimbo,-29.95,-71.34,57.2,82,0,12.75,CL,2020-10-18 22:53:21
325,Otavi,-19.65,17.33,73.63,17,0,9.4,NA,2020-10-18 22:53:21
326,Taltal,-25.4,-70.48,58.6,75,22,4.36,CL,2020-10-18 22:53:21
327,Spornoye,50.84,37.29,41.0,75,75,4.47,RU,2020-10-18 22:53:21
328,Kinlochleven,56.71,-4.97,48.99,97,100,2.98,GB,2020-10-18 22:53:22
329,Tuatapere,-46.13,167.68,48.99,94,100,5.01,NZ,2020-10-18 22:53:22
330,Kampong Chhnang,12.17,104.55,74.01,97,100,0.63,KH,2020-10-18 22:53:22
331,Piacabucu,-10.41,-36.43,74.93,78,86,8.32,BR,2020-10-18 22:53:22
332,Lardos,36.09,28.02,73.4,88,20,1.12,GR,2020-10-18 22:53:22
333,Bara,10.37,10.73,77.32,72,1,5.84,NG,2020-10-18 22:53:23
334,Sitka,57.05,-135.33,46.4,65,75,8.05,US,2020-10-18 22:51:34
335,Ardakan,32.31,54.02,51.8,14,0,4.7,IR,2020-10-18 22:53:23
336,Sillanwali,31.83,72.54,69.93,23,0,3.89,PK,2020-10-18 22:53:23
337,Hirna,9.22,41.1,59.63,51,0,4.21,ET,2020-10-18 22:53:23
338,Synya,65.37,58.04,26.94,99,100,3.18,RU,2020-10-18 22:53:24
339,Alta Floresta,-9.88,-56.09,74.98,80,94,3.4,BR,2020-10-18 22:51:08
340,Pouembout,-21.13,164.9,78.57,51,0,4.12,NC,2020-10-18 22:52:41
341,Beloha,-25.17,45.05,64.02,87,0,9.93,MG,2020-10-18 22:53:24
342,Coihaique,-45.58,-72.07,41.0,60,75,6.93,CL,2020-10-18 22:53:24
343,Waddan,29.16,16.14,71.44,64,100,17.02,LY,2020-10-18 22:53:24
344,Kudahuvadhoo,2.67,72.89,82.15,79,56,14.94,MV,2020-10-18 22:53:25
345,Ventspils,57.39,21.56,41.0,80,75,21.92,LV,2020-10-18 22:53:25
346,Lorengau,-2.02,147.27,85.23,70,91,7.74,PG,2020-10-18 22:53:25
347,Freeport,40.66,-73.58,60.8,62,75,10.29,US,2020-10-18 22:51:53
348,Neiafu,-18.65,-173.98,77.0,73,40,6.93,TO,2020-10-18 22:53:25
349,Yablonovo,50.85,37.36,41.0,75,75,4.47,RU,2020-10-18 22:53:26
350,Faya,18.39,42.45,59.0,24,0,6.58,SA,2020-10-18 22:53:26
351,Shellbrook,53.22,-106.4,26.6,58,75,13.87,CA,2020-10-18 22:53:26
352,Rorvik,64.86,11.24,45.41,65,66,18.43,NO,2020-10-18 22:53:26
353,Husavik,66.04,-17.34,41.0,75,90,14.99,IS,2020-10-18 22:52:18
354,Pokosnoye,55.53,101.05,32.99,91,100,10.69,RU,2020-10-18 22:53:27
355,Ossora,59.24,163.07,39.58,71,62,5.3,RU,2020-10-18 22:53:27
356,Leningradskiy,69.38,178.42,24.19,89,0,6.15,RU,2020-10-18 22:52:57
357,Gigmoto,13.78,124.39,81.86,84,100,10.8,PH,2020-10-18 22:53:28
358,Henties Bay,-22.12,14.28,59.0,90,0,3.0,NA,2020-10-18 22:53:28
359,Kirakira,-10.45,161.92,84.25,73,95,7.34,SB,2020-10-18 22:53:28
360,Karatuzskoye,53.61,92.87,33.69,90,100,5.3,RU,2020-10-18 22:53:28
361,Cap Malheureux,-19.98,57.61,73.0,74,0,5.99,MU,2020-10-18 22:53:29
362,Chiang Rai,19.92,99.92,68.0,100,20,8.05,TH,2020-10-18 22:53:29
363,Haines Junction,60.75,-137.51,26.06,78,100,1.19,CA,2020-10-18 22:50:52
364,Alice Springs,-23.7,133.88,71.6,40,75,10.29,AU,2020-10-18 22:53:28
365,Tomatlan,19.93,-105.25,88.83,68,69,7.02,MX,2020-10-18 22:53:29
366,Dingle,11.0,122.67,78.98,89,100,4.9,PH,2020-10-18 22:51:51
367,Lismore,-28.81,153.28,69.8,68,22,6.93,AU,2020-10-18 22:53:30
368,Santa Maria Do Suacui,-18.19,-42.41,67.15,85,100,5.35,BR,2020-10-18 22:53:30
369,Boueni,-12.9,45.08,77.0,78,20,4.7,YT,2020-10-18 22:53:30
370,Paraipaba,-3.44,-39.15,80.01,76,65,21.0,BR,2020-10-18 22:53:30
371,Northam,51.03,-4.22,48.99,88,88,8.01,GB,2020-10-18 22:53:30
372,Barra Do Garcas,-15.89,-52.26,80.96,60,95,6.33,BR,2020-10-18 22:53:31
373,Tezu,27.92,96.17,72.34,68,11,3.49,IN,2020-10-18 22:53:31
374,Tocopilla,-22.09,-70.2,61.66,58,21,3.4,CL,2020-10-18 22:53:31
375,Rawson,-43.3,-65.1,67.26,24,35,25.21,AR,2020-10-18 22:53:31
376,Payo,-3.75,103.64,73.74,94,100,1.34,ID,2020-10-18 22:53:31
377,Humaita,-7.51,-63.02,82.69,64,94,1.43,BR,2020-10-18 22:51:09
378,San Francisco,37.77,-122.42,82.4,36,20,16.11,US,2020-10-18 22:52:59
379,Khani,41.96,42.96,55.4,93,10,5.82,GE,2020-10-18 22:53:33
380,Lima,-12.04,-77.03,66.2,68,20,12.75,PE,2020-10-18 22:52:38
381,Praia,14.92,-23.51,78.8,94,40,4.7,CV,2020-10-18 22:53:33
382,Marjamaa,58.9,24.43,34.0,99,99,9.15,EE,2020-10-18 22:53:33
383,Wangqing,43.32,129.76,39.56,70,0,2.26,CN,2020-10-18 22:53:34
384,Atambua,-9.11,124.89,79.93,61,23,1.14,ID,2020-10-18 22:52:50
385,Byron Bay,-28.65,153.62,70.0,82,40,6.93,AU,2020-10-18 22:50:03
386,Monrovia,6.3,-10.8,77.0,94,75,5.61,LR,2020-10-18 22:53:34
387,Hegang,47.4,130.37,33.33,85,53,6.53,CN,2020-10-18 22:53:34
388,Bambanglipuro,-7.95,110.28,76.78,86,98,5.39,ID,2020-10-18 22:53:35
389,Harper,4.38,-7.72,77.09,90,100,6.67,LR,2020-10-18 22:53:35
390,Codrington,-38.27,141.97,55.54,78,31,5.84,AU,2020-10-18 22:53:35
391,Riacho De Santana,-13.61,-42.94,77.25,60,32,6.64,BR,2020-10-18 22:53:35
392,Wilmington,34.23,-77.94,73.4,64,75,4.7,US,2020-10-18 22:53:36
393,Maldonado,-34.67,-54.92,77.0,69,14,8.05,UY,2020-10-18 22:51:44
394,Savinka,50.08,47.1,59.59,72,92,7.27,RU,2020-10-18 22:53:36
395,Tenkodogo,11.78,-0.37,85.28,48,79,7.67,BF,2020-10-18 22:53:36
396,Klaksvik,62.23,-6.59,39.2,100,100,9.17,FO,2020-10-18 22:52:33
397,Puerto Baquerizo Moreno,-0.9,-89.6,69.22,87,67,13.62,EC,2020-10-18 22:53:37
398,Petauke,-14.24,31.33,73.53,22,33,10.0,ZM,2020-10-18 22:53:37
399,Brigantine,39.41,-74.36,61.0,72,20,5.82,US,2020-10-18 22:53:37
400,Hay River,60.82,-115.8,26.6,63,75,6.93,CA,2020-10-18 22:50:50
401,Rostov,57.19,39.41,35.6,90,90,11.18,RU,2020-10-18 22:53:38
402,Pembroke,45.82,-77.12,55.4,50,90,9.17,CA,2020-10-18 22:53:38
403,Bardsir,29.92,56.57,35.6,17,0,4.7,IR,2020-10-18 22:53:38
404,Formosa Do Rio Preto,-11.05,-45.19,82.76,36,83,4.34,BR,2020-10-18 22:53:38
405,Garmsar,35.22,52.34,52.65,35,0,1.16,IR,2020-10-18 22:53:39
406,Fereydun Kenar,36.69,52.52,68.56,42,0,6.69,IR,2020-10-18 22:53:39
407,Hof,50.32,11.92,43.0,91,100,5.99,DE,2020-10-18 22:53:39
408,Ust-Nera,64.57,143.2,10.11,87,96,3.42,RU,2020-10-18 22:53:39
409,Geraldton,-28.77,114.6,66.2,93,90,5.82,AU,2020-10-18 22:53:11
410,Cherskiy,68.75,161.3,22.23,92,92,7.14,RU,2020-10-18 22:53:40
411,Akkermanovka,51.25,58.24,37.4,64,73,15.66,RU,2020-10-18 22:53:40
412,Saint-Augustin,51.23,-58.65,47.52,70,0,5.06,CA,2020-10-18 22:51:34
413,Diamantina,-18.25,-43.6,59.94,94,100,7.94,BR,2020-10-18 22:53:40
414,Pervoye Maya,56.16,44.72,41.0,80,75,11.18,RU,2020-10-18 22:53:41
415,Emba,48.83,58.14,50.92,46,0,9.37,KZ,2020-10-18 22:53:41
416,La Ronge,55.1,-105.28,28.4,68,90,10.29,CA,2020-10-18 22:51:10
417,Ostrovnoy,68.05,39.51,34.36,85,76,13.04,RU,2020-10-18 22:49:54
418,High Level,58.52,-117.14,24.8,62,75,3.36,CA,2020-10-18 22:53:41
419,Orsha,54.52,30.41,36.41,88,82,10.0,BY,2020-10-18 22:53:42
420,Taoudenni,22.68,-3.98,82.44,15,0,8.28,ML,2020-10-18 22:53:42
421,Tirat Karmel,32.76,34.97,73.99,87,0,1.01,IL,2020-10-18 22:53:42
422,Hvolsvollur,63.75,-20.22,41.0,88,0,20.0,IS,2020-10-18 22:53:42
423,Arnoldstein,46.55,13.71,46.0,93,75,1.12,AT,2020-10-18 22:53:42
424,Bikapur,26.6,82.13,73.54,49,1,1.21,IN,2020-10-18 22:53:43
425,Parbatipur,25.66,88.92,75.74,77,5,3.09,BD,2020-10-18 22:53:43
426,Businga,3.33,20.88,70.84,97,100,2.89,CD,2020-10-18 22:53:43
427,Richards Bay,-28.78,32.04,71.73,78,99,11.68,ZA,2020-10-18 22:53:43
428,Barranca,-10.75,-77.77,62.26,81,30,8.16,PE,2020-10-18 22:53:43
429,Huntington,38.42,-82.45,62.6,48,90,3.36,US,2020-10-18 22:53:44
430,Lashio,22.93,97.75,63.66,99,99,1.5,MM,2020-10-18 22:53:44
431,Progreso,21.28,-89.67,86.0,74,40,13.24,MX,2020-10-18 22:53:44
432,Susanville,40.42,-120.65,80.6,15,1,3.36,US,2020-10-18 22:48:47
433,Vostok,46.49,135.88,28.8,88,0,3.6,RU,2020-10-18 22:53:44
434,Tecoanapa,16.52,-98.75,85.51,71,52,10.6,MX,2020-10-18 22:53:45
435,Kiama,-34.68,150.87,64.0,74,56,9.69,AU,2020-10-18 22:53:45
436,Douentza,15.0,-2.95,92.43,15,23,5.91,ML,2020-10-18 22:53:45
437,Manga,11.66,-1.07,82.81,54,31,5.86,BF,2020-10-18 22:53:45
438,Sakaiminato,35.55,133.23,53.6,93,75,3.36,JP,2020-10-18 22:53:46
439,Winnemucca,40.97,-117.74,75.2,15,1,13.87,US,2020-10-18 22:52:25
440,Leiyang,26.4,112.86,55.78,89,100,3.98,CN,2020-10-18 22:53:46
441,Luz,-19.8,-45.69,72.27,72,90,10.36,BR,2020-10-18 22:53:46
442,Baneh,36.0,45.89,43.59,61,0,1.52,IR,2020-10-18 22:53:47
443,Kozhanka,49.98,29.74,43.0,81,91,8.95,UA,2020-10-18 22:53:47
444,Asyut,27.18,31.18,73.4,56,0,3.2,EG,2020-10-18 22:53:47
445,Ilo,-17.64,-71.34,60.93,78,61,2.06,PE,2020-10-18 22:53:47
446,Narsaq,60.92,-46.05,35.6,80,91,4.7,GL,2020-10-18 22:53:48
447,Port Townsend,48.12,-122.76,59.0,82,90,4.7,US,2020-10-18 22:53:48
448,Nantucket,41.28,-70.1,54.0,72,20,5.82,US,2020-10-18 22:49:22
449,Idrinskoye,54.37,92.14,32.47,88,35,8.68,RU,2020-10-18 22:53:49
450,Burnie,-41.07,145.92,53.01,58,35,11.01,AU,2020-10-18 22:53:49
451,Muzhi,65.37,64.67,21.94,92,9,4.79,RU,2020-10-18 22:53:49
452,Wladyslawowo,54.79,18.4,39.99,80,26,8.05,PL,2020-10-18 22:53:50
453,Marica,-22.92,-42.82,75.2,69,75,16.11,BR,2020-10-18 22:53:50
454,Yigou,35.81,114.32,54.34,53,75,4.27,CN,2020-10-18 22:53:50
455,Hirara,24.8,125.28,77.0,78,75,13.87,JP,2020-10-18 22:53:50
456,Ilhabela,-23.78,-45.36,71.33,81,88,12.97,BR,2020-10-18 22:49:32
457,Yueyang,29.33,113.09,52.07,81,0,3.56,CN,2020-10-18 22:53:50
458,Namatanai,-3.67,152.43,84.9,62,0,4.52,PG,2020-10-18 22:53:51
459,Daru,-9.08,143.21,81.59,79,99,11.34,PG,2020-10-18 22:53:51
460,Okhotsk,59.38,143.3,25.7,83,18,19.33,RU,2020-10-18 22:53:51
461,Sarkand,45.41,79.92,47.59,45,18,3.69,KZ,2020-10-18 22:52:20
462,Leshukonskoye,64.9,45.76,30.78,97,100,8.68,RU,2020-10-18 22:53:52
463,Viloco,-16.95,-67.55,46.67,77,92,2.89,BO,2020-10-18 22:53:53
464,Le Port,-20.94,55.29,71.6,73,15,5.82,RE,2020-10-18 22:53:53
465,Egvekinot,66.32,-179.17,27.16,88,56,3.18,RU,2020-10-18 22:53:42
466,Kavieng,-2.57,150.8,84.54,70,62,8.5,PG,2020-10-18 22:53:32
467,Kathmandu,27.72,85.32,64.4,93,20,1.19,NP,2020-10-18 22:53:36
468,Myaundzha,63.05,147.19,9.5,87,99,4.07,RU,2020-10-18 22:53:54
469,Arys,42.43,68.8,42.8,52,0,8.08,KZ,2020-10-18 22:53:54
470,Hualmay,-11.1,-77.61,63.48,77,17,8.79,PE,2020-10-18 22:53:54
471,Ouesso,1.61,16.05,71.8,96,100,2.26,CG,2020-10-18 22:53:54
472,Pangody,65.85,74.49,23.27,97,23,11.23,RU,2020-10-18 22:53:54
473,Saint-Pierre,-21.34,55.48,69.8,60,20,5.82,RE,2020-10-18 22:51:01
474,Archidona,37.1,-4.39,61.0,71,9,1.99,ES,2020-10-18 22:53:55
475,Kaeo,-35.1,173.78,72.0,65,16,8.99,NZ,2020-10-18 22:53:55
476,Raymore,38.8,-94.45,43.0,60,90,12.75,US,2020-10-18 22:53:55
477,Acarau,-2.89,-40.12,79.12,79,75,15.19,BR,2020-10-18 22:51:47
478,Les Ponts-De-Ce,47.42,-0.52,45.0,93,100,4.7,FR,2020-10-18 22:53:56
479,Marawi,8.0,124.29,73.99,93,100,5.01,PH,2020-10-18 22:53:56
480,Carmen,18.63,-91.83,81.55,76,95,10.65,MX,2020-10-18 22:53:56
481,Ohafia,5.62,7.83,72.97,98,73,3.29,NG,2020-10-18 22:53:56
482,Along,28.17,94.77,65.61,86,15,1.9,IN,2020-10-18 22:53:56
483,Nemuro,43.32,145.57,56.28,64,0,16.26,JP,2020-10-18 22:53:57
484,Nioro,13.35,-15.75,78.8,85,0,6.96,GM,2020-10-18 22:53:57
485,Ewa Beach,21.32,-158.01,84.2,70,40,10.29,US,2020-10-18 22:53:57
486,Balgazyn,51.0,95.2,37.02,75,100,11.12,RU,2020-10-18 22:53:57
487,Malanje,-9.54,16.34,66.88,90,50,2.86,AO,2020-10-18 22:53:58
488,Palmer,42.16,-72.33,55.4,47,40,5.82,US,2020-10-18 22:50:49
489,Sao Felix Do Xingu,-6.64,-51.99,82.15,47,60,1.9,BR,2020-10-18 22:51:03
490,Lumeje,-11.55,20.78,71.2,53,0,3.04,AO,2020-10-18 22:53:58
491,Roma,43.21,-75.46,59.0,33,1,9.17,US,2020-10-18 22:53:58
492,Ambagarh Chauki,20.78,80.72,73.18,86,99,3.67,IN,2020-10-18 22:53:59
493,Jizan,17.33,42.67,84.2,70,0,0.56,SA,2020-10-18 22:53:59
494,Husum,54.49,9.05,41.0,93,61,4.7,DE,2020-10-18 22:54:00
495,Marsh Harbour,26.54,-77.06,79.48,77,100,13.71,BS,2020-10-18 22:54:00
496,Presque Isle,46.68,-68.02,50.0,61,1,5.82,US,2020-10-18 22:54:00
497,Ishigaki,24.34,124.16,77.0,83,40,21.92,JP,2020-10-18 22:54:00
498,Callaway,30.15,-85.57,82.4,69,20,8.05,US,2020-10-18 22:54:00
499,Broken Hill,-31.95,141.43,53.6,62,0,12.75,AU,2020-10-18 22:54:00
500,Japura,-0.32,102.35,73.65,97,54,1.54,ID,2020-10-18 22:54:01
501,Abu Dhabi,24.47,54.37,78.8,34,0,4.7,AE,2020-10-18 22:52:16
502,Kruisfontein,-34.0,24.73,53.01,90,35,1.01,ZA,2020-10-18 22:53:19
503,Jinchang,38.5,102.17,44.04,50,46,5.5,CN,2020-10-18 22:54:01
504,Rio Gallegos,-51.62,-69.22,51.8,25,75,21.92,AR,2020-10-18 22:49:42
505,Oistins,13.07,-59.53,80.6,83,40,3.36,BB,2020-10-18 22:52:54
506,Kununurra,-15.77,128.73,84.2,70,79,5.82,AU,2020-10-18 22:54:02
507,Verkhoyansk,67.54,133.38,14.77,95,100,5.64,RU,2020-10-18 22:54:02
508,Ankpa,7.37,7.63,73.06,89,76,2.44,NG,2020-10-18 22:54:02
509,San Jose,37.34,-121.89,91.0,18,1,6.93,US,2020-10-18 22:50:44
510,Somerset East,-32.72,25.59,53.17,84,81,6.64,ZA,2020-10-18 22:54:02
511,Rawlins,41.79,-107.24,59.0,30,75,29.97,US,2020-10-18 22:54:03
512,Gillette,44.29,-105.5,30.2,86,90,9.17,US,2020-10-18 22:54:03
513,Sambava,-14.27,50.17,70.27,82,7,10.04,MG,2020-10-18 22:54:03
514,Ambilobe,-13.2,49.05,69.33,72,0,3.89,MG,2020-10-18 22:52:31
515,Nambucca Heads,-30.65,153.0,68.0,77,90,12.75,AU,2020-10-18 22:54:03
516,Pinega,64.7,43.39,31.35,96,100,10.29,RU,2020-10-18 22:54:04
517,Waipawa,-41.41,175.52,62.01,82,100,21.92,NZ,2020-10-18 22:54:04
518,Nhulunbuy,-12.23,136.77,82.4,65,34,8.05,AU,2020-10-18 22:54:04
519,Hearst,49.68,-83.67,28.76,97,62,3.11,CA,2020-10-18 22:54:05
520,Cartagena,10.4,-75.51,86.0,84,40,6.93,CO,2020-10-18 22:49:54
521,Belmonte,-15.86,-38.88,71.6,88,75,2.24,BR,2020-10-18 22:52:08
522,Carlsbad,33.16,-117.35,82.0,73,1,10.29,US,2020-10-18 22:53:44
523,Miles City,46.41,-105.84,28.4,68,75,3.36,US,2020-10-18 22:54:05
524,Maragogi,-9.01,-35.22,74.79,78,65,8.16,BR,2020-10-18 22:54:05
525,Moyale,3.52,39.06,71.17,58,34,7.36,KE,2020-10-18 22:54:06
526,Maumere,-8.62,122.21,81.16,73,42,3.31,ID,2020-10-18 22:53:55
527,Puerto Escondido,15.85,-97.07,87.8,70,75,6.93,MX,2020-10-18 22:54:06
528,Tallahassee,30.44,-84.28,82.4,54,20,8.05,US,2020-10-18 22:52:24
529,Finschhafen,-6.6,147.87,83.95,66,75,4.59,PG,2020-10-18 22:54:06
530,Kangaatsiaq,68.31,-53.46,39.18,75,100,20.07,GL,2020-10-18 22:54:07
531,Baghdad,33.34,44.4,66.2,37,0,4.7,IQ,2020-10-18 22:53:49
532,Goderich,43.75,-81.72,52.0,88,100,17.74,CA,2020-10-18 22:49:23
533,Puerto Del Rosario,28.5,-13.86,68.0,68,0,1.43,ES,2020-10-18 22:54:07
534,Cadillac,44.25,-85.4,37.4,86,40,5.82,US,2020-10-18 22:54:08
535,Ketchikan,55.34,-131.65,41.0,86,90,4.7,US,2020-10-18 22:54:08
536,Buin,-33.73,-70.75,73.4,35,0,12.75,CL,2020-10-18 22:51:43
537,Uvira,-3.41,29.15,75.51,56,40,3.65,CD,2020-10-18 22:54:08
538,Bafoulabe,13.81,-10.83,83.34,30,1,1.59,ML,2020-10-18 22:54:08
539,Kukes,42.08,20.42,45.9,68,0,3.76,AL,2020-10-18 22:54:08
540,Jeremoabo,-10.07,-38.48,71.83,66,0,11.43,BR,2020-10-18 22:54:09
541,Ahipara,-35.17,173.17,65.14,70,13,12.73,NZ,2020-10-18 22:54:09
542,Taiyuan,37.87,112.56,35.6,80,0,2.24,CN,2020-10-18 22:54:09
543,Comodoro Rivadavia,-45.87,-67.5,60.8,26,20,31.09,AR,2020-10-18 22:50:25
544,Dauphin,51.15,-100.05,32.0,78,75,21.92,CA,2020-10-18 22:53:13
545,Lamar,33.67,-95.58,80.6,61,90,9.17,US,2020-10-18 22:54:10
546,Novosergiyevka,52.09,53.65,50.36,46,86,12.01,RU,2020-10-18 22:54:10
547,Alice,27.75,-98.07,89.6,55,1,17.22,US,2020-10-18 22:54:10
548,Tahe,52.33,124.73,24.39,92,13,0.89,CN,2020-10-18 22:54:10
549,Cabra,37.47,-4.44,57.99,50,0,5.93,ES,2020-10-18 22:54:11
550,Tukrah,32.53,20.58,70.9,76,100,16.33,LY,2020-10-18 22:54:11
551,Elliot,-31.33,27.85,53.78,82,71,2.19,ZA,2020-10-18 22:54:11
552,Shimanovsk,52.0,127.7,27.72,96,18,5.08,RU,2020-10-18 22:54:11
553,Jumla,29.27,82.18,49.8,62,1,4.92,NP,2020-10-18 22:54:11
554,Xinmin,41.99,122.83,30.2,86,0,2.24,CN,2020-10-18 22:54:12
555,Kavaratti,10.57,72.64,80.51,81,41,11.43,IN,2020-10-18 22:52:31
556,Luba,3.46,8.55,77.0,100,40,4.7,GQ,2020-10-18 22:54:12
557,Sangar,63.92,127.47,12.76,96,98,4.74,RU,2020-10-18 22:54:12
558,Toyooka,35.53,134.83,55.4,82,75,6.93,JP,2020-10-18 22:54:12
559,Savelugu,9.62,-0.83,78.84,76,33,5.37,GH,2020-10-18 22:54:12
560,Dongsheng,39.82,109.98,38.52,60,0,7.67,CN,2020-10-18 22:54:13
561,Koungou,-12.73,45.2,77.0,78,20,4.7,YT,2020-10-18 22:54:13
562,Ayan,56.45,138.17,26.29,85,70,17.78,RU,2020-10-18 22:54:13
563,Mocajuba,-2.58,-49.51,76.21,88,87,4.99,BR,2020-10-18 22:51:54
564,Shuangyang,43.52,125.67,35.6,59,1,6.71,CN,2020-10-18 22:54:13
